degrees,mse_values
1,41.35613326628058
2,40.29129748753276
3,38.98763941078373
4,38.07212756236563
