degrees,mse_values
1,41.93552663683917
2,40.73072157707225
3,39.35748712039342
4,38.46134008497282
