degrees,mse_values
1,11564685911.89088
2,12668292717.35498
3,12265106918.739477
4,11669155447.065031
