degrees,mse_values
1,42.71731703815382
2,41.60118416877388
3,40.22067967978518
4,39.26180396227631
