degrees,mse_values
1,44.34804830159158
2,43.92957807491085
3,43.66170726477049
4,43.58527614759845
