degrees,mse_values
1,11473526205.425337
2,12483122877.908464
3,12169251906.218561
4,11663927763.49018
