degrees,mse_values
1,11260893357.217802
2,12273872025.229666
3,11893634634.933235
4,11339574525.340454
