degrees,mse_values
1,11708952918.797129
2,12712279373.459518
3,12320422003.541685
4,11769731507.792988
